data,deviceId,timestamp
"{""message"":[0.03466797,0.02661133,0.9779053,512]}",Python,1551004174648
"{""message"":[0.03466797,0.02661133,0.9779053,514]}",Python,1551004175154
"{""message"":[0.03466797,0.02661133,0.9779053,517]}",Python,1551004175663
"{""message"":[0.03466797,0.02661133,0.9779053,519]}",Python,1551004176170
"{""message"":[0.03466797,0.02661133,0.9779053,522]}",Python,1551004176996
"{""message"":[0.03466797,0.02661133,0.9779053,525]}",Python,1551004177185
"{""message"":[0.03466797,0.02661133,0.9779053,527]}",Python,1551004177691
"{""message"":[0.03466797,0.0291748,0.9832764,530]}",Python,1551004178207
"{""message"":[0.03759766,0.0291748,0.9832764,533]}",Python,1551004178704
"{""message"":[0.03759766,0.0291748,0.9832764,535]}",Python,1551004179214
"{""message"":[0.03759766,0.0291748,0.9832764,538]}",Python,1551004179718
"{""message"":[0.03759766,0.0291748,0.9832764,540]}",Python,1551004180226
"{""message"":[0.03759766,0.0291748,0.9832764,543]}",Python,1551004180733
"{""message"":[0.03759766,0.0291748,0.9832764,546]}",Python,1551004181239
"{""message"":[0.03759766,0.0291748,0.9832764,548]}",Python,1551004181745
"{""message"":[0.03759766,0.03112793,0.9780273,551]}",Python,1551004182252
"{""message"":[0.0378418,0.03112793,0.9780273,554]}",Python,1551004182759
"{""message"":[0.0378418,0.03112793,0.9780273,556]}",Python,1551004183265
"{""message"":[0.0378418,0.03112793,0.9780273,559]}",Python,1551004183773
"{""message"":[0.0378418,0.03112793,0.9780273,562]}",Python,1551004184280
"{""message"":[0.0378418,0.03112793,0.9780273,564]}",Python,1551004184785
"{""message"":[0.0378418,0.03112793,0.9780273,567]}",Python,1551004185460
"{""message"":[0.0378418,0.03112793,0.9780273,569]}",Python,1551004187196
"{""message"":[0.0378418,0.02868652,0.9694824,572]}",Python,1551004188064
"{""message"":[0.02087402,0.02868652,0.9694824,575]}",Python,1551004188682
"{""message"":[0.02087402,0.02868652,0.9694824,577]}",Python,1551004189628
"{""message"":[0.02087402,0.02868652,0.9694824,580]}",Python,1551004190499
"{""message"":[0.02087402,0.02868652,0.9694824,582]}",Python,1551004191339
"{""message"":[0.02087402,0.02868652,0.9694824,585]}",Python,1551004192047
"{""message"":[0.02087402,0.02868652,0.9694824,588]}",Python,1551004192884
"{""message"":[0.02087402,0.02868652,0.9694824,590]}",Python,1551004193853
"{""message"":[-0.002807617,0.02697754,0.9770508,8]}",Python,1551004282423
"{""message"":[-0.002807617,0.02697754,0.9770508,10]}",Python,1551004282963
"{""message"":[-0.002807617,0.02697754,0.9770508,13]}",Python,1551004283476
"{""message"":[-0.002807617,0.02697754,0.9770508,15]}",Python,1551004283977
"{""message"":[-0.002807617,0.02697754,0.9770508,18]}",Python,1551004284522
"{""message"":[-0.002807617,0.02697754,0.9770508,21]}",Python,1551004285002
"{""message"":[-0.002807617,0.02697754,0.9770508,23]}",Python,1551004285520
"{""message"":[-0.002807617,0.02697754,0.9776611,26]}",Python,1551004286044
"{""message"":[-0.003417969,0.02270508,0.9776611,28]}",Python,1551004286561
"{""message"":[-0.003417969,0.02270508,0.9776611,31]}",Python,1551004287052
"{""message"":[-0.003417969,0.02270508,0.9776611,34]}",Python,1551004287572
"{""message"":[-0.003417969,0.02270508,0.9776611,37]}",Python,1551004288077
"{""message"":[-0.003417969,0.02270508,0.9776611,39]}",Python,1551004288594
"{""message"":[-0.003417969,0.02270508,0.9776611,42]}",Python,1551004289105
"{""message"":[-0.003417969,0.02270508,0.9776611,44]}",Python,1551004289623
"{""message"":[-0.003417969,0.02270508,0.9832764,47]}",Python,1551004290131
"{""message"":[-0.004882813,0.0246582,0.9832764,50]}",Python,1551004290655
"{""message"":[-0.004882813,0.0246582,0.9832764,55]}",Python,1551004291733
"{""message"":[-0.004882813,0.0246582,0.9832764,52]}",Python,1551004291736
"{""message"":[-0.004882813,0.0246582,0.9832764,57]}",Python,1551004292180
"{""message"":[-0.004882813,0.0246582,0.9832764,60]}",Python,1551004292726
"{""message"":[-0.004882813,0.0246582,0.9832764,63]}",Python,1551004293207
"{""message"":[-0.004882813,0.0246582,0.9832764,65]}",Python,1551004293727
"{""message"":[-0.004882813,0.0246582,0.972168,68]}",Python,1551004294234
"{""message"":[-0.00378418,0.02575684,0.972168,70]}",Python,1551004294758
"{""message"":[-0.00378418,0.02575684,0.972168,73]}",Python,1551004295281
"{""message"":[-0.00378418,0.02575684,0.972168,76]}",Python,1551004295947
"{""message"":[-0.00378418,0.02575684,0.972168,78]}",Python,1551004296336
"{""message"":[-0.00378418,0.02575684,0.972168,81]}",Python,1551004296823
"{""message"":[-0.004638672,0.02844238,0.9783936,102]}",Python,1551004301179
"{""message"":[-0.004638672,0.02844238,0.9783936,99]}",Python,1551004301180
"{""message"":[-0.004638672,0.02844238,0.9783936,97]}",Python,1551004301181
"{""message"":[-0.004638672,0.02844238,0.9783936,94]}",Python,1551004301191
"{""message"":[-0.004638672,0.02844238,0.9783936,104]}",Python,1551004301414
"{""message"":[-0.004638672,0.02844238,0.9763184,110]}",Python,1551004302667
"{""message"":[-0.004638672,0.02844238,0.9783936,107]}",Python,1551004302670
"{""message"":[-0.001831055,0.02807617,0.9763184,112]}",Python,1551004302948
"{""message"":[-0.001831055,0.02807617,0.9763184,115]}",Python,1551004303488
"{""message"":[-0.001831055,0.02807617,0.9763184,118]}",Python,1551004303977
"{""message"":[-0.001831055,0.02807617,0.9763184,120]}",Python,1551004304483
"{""message"":[-0.001831055,0.02807617,0.9763184,123]}",Python,1551004305003
"{""message"":[-0.001831055,0.02807617,0.9763184,125]}",Python,1551004305517
"{""message"":[-0.001831055,0.02807617,0.9763184,128]}",Python,1551004306028
"{""message"":[-0.001831055,0.02429199,0.9830322,131]}",Python,1551004308882
"{""message"":[-0.005493164,0.02429199,0.9830322,139]}",Python,1551004308883
"{""message"":[-0.005493164,0.02429199,0.9830322,134]}",Python,1551004308884
"{""message"":[-0.005493164,0.02429199,0.9830322,141]}",Python,1551004308885
"{""message"":[-0.005493164,0.02429199,0.9830322,144]}",Python,1551004309097
"{""message"":[-0.005493164,0.02429199,0.9830322,147]}",Python,1551004309606
"{""message"":[-0.005493164,0.02429199,0.9830322,149]}",Python,1551004311103
"{""message"":[-0.005493164,0.02502441,0.9822998,152]}",Python,1551004311104
"{""message"":[-0.004516602,0.02502441,0.9822998,155]}",Python,1551004311137
"{""message"":[-0.004516602,0.02502441,0.9822998,157]}",Python,1551004311656
"{""message"":[-0.004516602,0.02502441,0.9822998,160]}",Python,1551004313801
"{""message"":[-0.004516602,0.02502441,0.9822998,168]}",Python,1551004313813
"{""message"":[-0.004516602,0.02502441,0.9822998,162]}",Python,1551004313815
"{""message"":[-0.004516602,0.02502441,0.9822998,170]}",Python,1551004314214
"{""message"":[-0.002929688,0.02746582,0.9755859,175]}",Python,1551004315607
"{""message"":[-0.004516602,0.02746582,0.9755859,173]}",Python,1551004315609
"{""message"":[-0.002929688,0.02746582,0.9755859,178]}",Python,1551004315739
"{""message"":[-0.002929688,0.02746582,0.9755859,181]}",Python,1551004316231
"{""message"":[-0.002929688,0.02746582,0.9755859,183]}",Python,1551004316742
"{""message"":[-0.002929688,0.02746582,0.9755859,186]}",Python,1551004317296
"{""message"":[-0.002929688,0.02746582,0.9755859,189]}",Python,1551004328221
"{""message"":[-0.003540039,0.0300293,0.9772949,199]}",Python,1551004329568
"{""message"":[-0.002929688,0.02746582,0.9755859,191]}",Python,1551004329570
"{""message"":[-0.003540039,0.0267334,0.9793701,215]}",Python,1551004329571
"{""message"":[-0.003540039,0.0300293,0.9772949,202]}",Python,1551004329572
"{""message"":[-0.003173828,0.0267334,0.9793701,220]}",Python,1551004329573
"{""message"":[-0.003173828,0.0267334,0.9793701,223]}",Python,1551004329576
"{""message"":[-0.003540039,0.0300293,0.9772949,212]}",Python,1551004329588
"{""message"":[-0.003540039,0.0300293,0.9772949,207]}",Python,1551004329622
"{""message"":[-0.005737305,0.02355957,0.9801025,249]}",Python,1551004329630
"{""message"":[-0.003173828,0.0267334,0.9793701,233]}",Python,1551004329631
"{""message"":[-0.005737305,0.02355957,0.9801025,246]}",Python,1551004329632
"{""message"":[-0.003173828,0.0267334,0.9793701,231]}",Python,1551004329633
"{""message"":[-0.003173828,0.0267334,0.9793701,228]}",Python,1551004329640
"{""message"":[-0.005737305,0.02355957,0.9801025,244]}",Python,1551004329653
"{""message"":[-0.005737305,0.02355957,0.9801025,252]}",Python,1551004330084
"{""message"":[-0.005737305,0.02355957,0.9801025,254]}",Python,1551004330616
"{""message"":[-0.002807617,0.02893066,0.9793701,257]}",Python,1551004331115
"{""message"":[-0.002807617,0.02893066,0.9793701,259]}",Python,1551004331617
"{""message"":[-0.002807617,0.02893066,0.9793701,262]}",Python,1551004332125
"{""message"":[-0.002807617,0.02893066,0.9793701,265]}",Python,1551004332627
"{""message"":[-0.002807617,0.02893066,0.9793701,267]}",Python,1551004333138
"{""message"":[-0.002807617,0.02893066,0.9793701,270]}",Python,1551004333647
"{""message"":[-0.002807617,0.02893066,0.9793701,272]}",Python,1551004334163
"{""message"":[-0.002807617,0.02893066,0.9793701,275]}",Python,1551004334710
"{""message"":[-0.001342773,0.02404785,0.9732666,278]}",Python,1551004335202
"{""message"":[-0.001342773,0.02404785,0.9732666,280]}",Python,1551004335719
"{""message"":[-0.001342773,0.02404785,0.9732666,283]}",Python,1551004336417
"{""message"":[-0.001342773,0.02404785,0.9732666,286]}",Python,1551004336746
"{""message"":[-0.001342773,0.02404785,0.9732666,288]}",Python,1551004337262
"{""message"":[-0.001342773,0.02404785,0.9732666,291]}",Python,1551004337767
"{""message"":[-0.001342773,0.02404785,0.9732666,293]}",Python,1551004338298
"{""message"":[-0.001342773,0.02404785,0.9732666,296]}",Python,1551004338803
"{""message"":[-0.0008544922,0.02453613,0.989624,299]}",Python,1551004339322
"{""message"":[-0.0008544922,0.02453613,0.989624,301]}",Python,1551004339841
"{""message"":[-0.0008544922,0.02453613,0.989624,304]}",Python,1551004340355
"{""message"":[-0.0008544922,0.02453613,0.989624,306]}",Python,1551004340856
"{""message"":[-0.0008544922,0.02453613,0.989624,309]}",Python,1551004341388
"{""message"":[-0.0008544922,0.02453613,0.989624,312]}",Python,1551004341882
"{""message"":[-0.0008544922,0.02453613,0.989624,314]}",Python,1551004342403
"{""message"":[-0.0008544922,0.02453613,0.989624,317]}",Python,1551004342919
"{""message"":[-0.00769043,0.0246582,0.9814453,320]}",Python,1551004343438
"{""message"":[-0.00769043,0.0246582,0.9814453,322]}",Python,1551004343958
"{""message"":[-0.00769043,0.0246582,0.9814453,325]}",Python,1551004344462
"{""message"":[-0.00769043,0.0246582,0.9814453,328]}",Python,1551004344971
"{""message"":[-0.00769043,0.0246582,0.9814453,330]}",Python,1551004345478
"{""message"":[-0.00769043,0.0246582,0.9814453,333]}",Python,1551004346080
"{""message"":[-0.00769043,0.0246582,0.9814453,335]}",Python,1551004346503
"{""message"":[-0.00769043,0.0246582,0.9814453,338]}",Python,1551004347024
"{""message"":[-0.005737305,0.0279541,0.9768066,341]}",Python,1551004347543
"{""message"":[-0.005737305,0.0279541,0.9768066,344]}",Python,1551004348071
"{""message"":[-0.005737305,0.0279541,0.9768066,346]}",Python,1551004348579
"{""message"":[-0.005737305,0.0279541,0.9768066,349]}",Python,1551004349088
"{""message"":[-0.005737305,0.0279541,0.9768066,352]}",Python,1551004349612
"{""message"":[-0.005737305,0.0279541,0.9768066,354]}",Python,1551004350130
"{""message"":[-0.005737305,0.0279541,0.9768066,357]}",Python,1551004350648
"{""message"":[-0.005737305,0.0279541,0.9768066,360]}",Python,1551004351168
"{""message"":[-0.00390625,0.02416992,0.9777832,362]}",Python,1551004351672
"{""message"":[-0.00390625,0.02416992,0.9777832,365]}",Python,1551004352181
"{""message"":[-0.00390625,0.02416992,0.9777832,368]}",Python,1551004352701
"{""message"":[-0.00390625,0.02416992,0.9777832,370]}",Python,1551004353229
"{""message"":[-0.00390625,0.02416992,0.9777832,373]}",Python,1551004353727
"{""message"":[-0.00390625,0.02416992,0.9777832,375]}",Python,1551004354313
"{""message"":[-0.00390625,0.02416992,0.9777832,378]}",Python,1551004354764
"{""message"":[-0.00390625,0.02416992,0.975708,381]}",Python,1551004355274
"{""message"":[0.0008544922,0.02575684,0.975708,383]}",Python,1551004355828
"{""message"":[0.0008544922,0.02575684,0.975708,386]}",Python,1551004356310
"{""message"":[0.0008544922,0.02575684,0.975708,389]}",Python,1551004356825
"{""message"":[0.0008544922,0.02575684,0.975708,391]}",Python,1551004357336
"{""message"":[0.0008544922,0.02575684,0.975708,394]}",Python,1551004357858
"{""message"":[0.0008544922,0.02575684,0.975708,396]}",Python,1551004358359
"{""message"":[0.0008544922,0.02575684,0.975708,399]}",Python,1551004358879
"{""message"":[0.0008544922,0.02575684,0.9765625,402]}",Python,1551004359392
"{""message"":[-0.003295898,0.02490234,0.9765625,404]}",Python,1551004359911
"{""message"":[-0.003295898,0.02490234,0.9765625,407]}",Python,1551004360447
"{""message"":[-0.003295898,0.02490234,0.9765625,410]}",Python,1551004360950
"{""message"":[-0.003295898,0.02490234,0.9765625,412]}",Python,1551004361469
"{""message"":[-0.003295898,0.02490234,0.9765625,415]}",Python,1551004361988
"{""message"":[-0.003295898,0.02490234,0.9765625,418]}",Python,1551004362522
"{""message"":[-0.003295898,0.02490234,0.9765625,420]}",Python,1551004363029
"{""message"":[-0.003295898,0.02490234,0.9748535,423]}",Python,1551004363542
"{""message"":[-0.005981445,0.02441406,0.9748535,425]}",Python,1551004364249
"{""message"":[-0.005981445,0.02441406,0.9748535,428]}",Python,1551004364654
"{""message"":[-0.005981445,0.02441406,0.9748535,431]}",Python,1551004365100
"{""message"":[-0.005981445,0.02441406,0.9748535,433]}",Python,1551004365719
"{""message"":[-0.005981445,0.02441406,0.9748535,436]}",Python,1551004366136
"{""message"":[-0.005981445,0.02441406,0.9748535,439]}",Python,1551004366719
"{""message"":[-0.005981445,0.02441406,0.9748535,441]}",Python,1551004367209
"{""message"":[-0.005981445,0.02441406,0.9764404,444]}",Python,1551004367717
"{""message"":[-0.005249023,0.02331543,0.9764404,447]}",Python,1551004370573
"{""message"":[-0.005249023,0.02331543,0.9764404,452]}",Python,1551004370611
"{""message"":[-0.005249023,0.02331543,0.9764404,455]}",Python,1551004370613
"{""message"":[-0.005249023,0.02331543,0.9764404,457]}",Python,1551004370614
"{""message"":[-0.005249023,0.02331543,0.9764404,460]}",Python,1551004371023
"{""message"":[-0.005249023,0.02331543,0.9764404,462]}",Python,1551004371276
"{""message"":[-0.005249023,0.02746582,0.9753418,465]}",Python,1551004371784
"{""message"":[-0.006469727,0.02746582,0.9753418,468]}",Python,1551004372297
"{""message"":[-0.006469727,0.02746582,0.9753418,470]}",Python,1551004373143
"{""message"":[-0.006469727,0.02746582,0.9753418,473]}",Python,1551004373305
"{""message"":[-0.006469727,0.02746582,0.9753418,476]}",Python,1551004373847
"{""message"":[-0.006469727,0.02746582,0.9753418,478]}",Python,1551004374332
"{""message"":[-0.006469727,0.02746582,0.9753418,481]}",Python,1551004374832
"{""message"":[-0.006469727,0.02746582,0.9753418,483]}",Python,1551004375354
"{""message"":[-0.006469727,0.02270508,0.9810791,486]}",Python,1551004375846
"{""message"":[0.0008544922,0.02270508,0.9810791,489]}",Python,1551004376345
"{""message"":[0.0008544922,0.02270508,0.9810791,491]}",Python,1551004376942
"{""message"":[0.0008544922,0.02270508,0.9810791,494]}",Python,1551004377535
"{""message"":[0.0008544922,0.02270508,0.9810791,496]}",Python,1551004377942
"{""message"":[0.0008544922,0.02270508,0.9810791,499]}",Python,1551004378454
"{""message"":[0.0008544922,0.02270508,0.9810791,502]}",Python,1551004379062
"{""message"":[0.0008544922,0.02270508,0.9810791,504]}",Python,1551004379636
"{""message"":[0.0008544922,0.03125,0.9736328,507]}",Python,1551004380031
"{""message"":[-0.003173828,0.03125,0.9736328,510]}",Python,1551004394523
"{""message"":[-0.003173828,0.03125,0.9736328,512]}",Python,1551004395036
"{""message"":[-0.003173828,0.03125,0.9736328,515]}",Python,1551004395536
"{""message"":[-0.003173828,0.03125,0.9736328,517]}",Python,1551004396045
"{""message"":[-0.003173828,0.03125,0.9736328,520]}",Python,1551004396550
"{""message"":[-0.003173828,0.03125,0.9736328,523]}",Python,1551004397097
"{""message"":[-0.003173828,0.03125,0.9736328,525]}",Python,1551004397566
"{""message"":[-0.003173828,0.02661133,0.9733887,528]}",Python,1551004398073
"{""message"":[-0.005249023,0.02661133,0.9733887,531]}",Python,1551004398583
"{""message"":[-0.005249023,0.02661133,0.9733887,533]}",Python,1551004399082
"{""message"":[-0.005249023,0.02661133,0.9733887,536]}",Python,1551004399609
"{""message"":[-0.005249023,0.02661133,0.9733887,539]}",Python,1551004400102
"{""message"":[-0.005249023,0.02661133,0.9733887,541]}",Python,1551004400603
"{""message"":[-0.005249023,0.02661133,0.9733887,544]}",Python,1551004401113
"{""message"":[-0.005249023,0.02661133,0.9733887,547]}",Python,1551004401618
"{""message"":[-0.005249023,0.02954102,0.9760742,549]}",Python,1551004402124
"{""message"":[-0.006225586,0.02954102,0.9760742,552]}",Python,1551004402633
"{""message"":[-0.006225586,0.02954102,0.9760742,554]}",Python,1551004403144
"{""message"":[-0.006225586,0.02954102,0.9760742,557]}",Python,1551004403649
"{""message"":[-0.006225586,0.02954102,0.9760742,560]}",Python,1551004404154
"{""message"":[-0.006225586,0.02954102,0.9760742,562]}",Python,1551004404705
"{""message"":[-0.006225586,0.02954102,0.9760742,565]}",Python,1551004405166
"{""message"":[-0.006225586,0.02954102,0.9760742,568]}",Python,1551004405678
"{""message"":[-0.006225586,0.02636719,0.9693604,570]}",Python,1551004406181
"{""message"":[-0.0008544922,0.02636719,0.9693604,573]}",Python,1551004406702
"{""message"":[-0.0008544922,0.02636719,0.9693604,575]}",Python,1551004407214
"{""message"":[-0.0008544922,0.02636719,0.9693604,578]}",Python,1551004407702
"{""message"":[-0.0008544922,0.02636719,0.9693604,581]}",Python,1551004408214
"{""message"":[-0.0008544922,0.02636719,0.9693604,583]}",Python,1551004408716
"{""message"":[-0.0008544922,0.02636719,0.9693604,586]}",Python,1551004409225
"{""message"":[-0.0008544922,0.02636719,0.9693604,588]}",Python,1551004409730
"{""message"":[-0.0008544922,0.02526855,0.9737549,591]}",Python,1551004410241
"{""message"":[-0.00378418,0.02526855,0.9737549,594]}",Python,1551004410760
"{""message"":[-0.00378418,0.02526855,0.9737549,596]}",Python,1551004411272
"{""message"":[-0.00378418,0.02526855,0.9737549,599]}",Python,1551004411758
"{""message"":[-0.00378418,0.02526855,0.9737549,602]}",Python,1551004412267
"{""message"":[-0.00378418,0.02526855,0.9737549,604]}",Python,1551004412775
"{""message"":[-0.00378418,0.02526855,0.9737549,607]}",Python,1551004413280
"{""message"":[-0.00378418,0.02526855,0.9737549,610]}",Python,1551004413788
"{""message"":[-0.00378418,0.02539063,0.9822998,612]}",Python,1551004414292
"{""message"":[-0.005371094,0.02539063,0.9822998,615]}",Python,1551004414808
"{""message"":[-0.005371094,0.02539063,0.9822998,617]}",Python,1551004415413
"{""message"":[-0.005371094,0.02539063,0.9822998,620]}",Python,1551004429740
"{""message"":[-0.005371094,0.02539063,0.9822998,623]}",Python,1551004430247
"{""message"":[-0.005371094,0.02539063,0.9822998,625]}",Python,1551004430751
"{""message"":[-0.005371094,0.02539063,0.9822998,628]}",Python,1551004431258
"{""message"":[-0.005371094,0.02539063,0.9822998,631]}",Python,1551004431768
"{""message"":[-0.002929688,0.02526855,0.9711914,633]}",Python,1551004432275
"{""message"":[-0.002929688,0.02526855,0.9711914,636]}",Python,1551004432778
"{""message"":[-0.002929688,0.02526855,0.9711914,638]}",Python,1551004433288
"{""message"":[-0.002929688,0.02526855,0.9711914,641]}",Python,1551004433794
"{""message"":[-0.002929688,0.02526855,0.9711914,644]}",Python,1551004434303
"{""message"":[-0.002929688,0.02526855,0.9711914,646]}",Python,1551004434809
"{""message"":[-0.002929688,0.02526855,0.9711914,649]}",Python,1551004435322
"{""message"":[-0.002929688,0.02526855,0.9711914,652]}",Python,1551004435821
"{""message"":[-0.005859375,0.02685547,0.9742432,654]}",Python,1551004436329
"{""message"":[-0.005859375,0.02685547,0.9742432,657]}",Python,1551004436836
"{""message"":[-0.005859375,0.02685547,0.9742432,660]}",Python,1551004437345
"{""message"":[-0.005859375,0.02685547,0.9742432,662]}",Python,1551004437848
"{""message"":[-0.005859375,0.02685547,0.9742432,665]}",Python,1551004438356
"{""message"":[-0.005859375,0.02685547,0.9742432,668]}",Python,1551004438863
"{""message"":[-0.005859375,0.02685547,0.9742432,670]}",Python,1551004439371
"{""message"":[-0.005859375,0.02685547,0.9742432,673]}",Python,1551004439882
"{""message"":[-0.009399414,0.02819824,0.9776611,675]}",Python,1551004440384
"{""message"":[-0.009399414,0.02819824,0.9776611,678]}",Python,1551004440891
"{""message"":[-0.009399414,0.02819824,0.9776611,681]}",Python,1551004441400
"{""message"":[-0.009399414,0.02819824,0.9776611,684]}",Python,1551004441907
"{""message"":[-0.009399414,0.02819824,0.9776611,686]}",Python,1551004442434
"{""message"":[-0.009399414,0.02819824,0.9776611,689]}",Python,1551004442942
"{""message"":[-0.009399414,0.02819824,0.9776611,692]}",Python,1551004443428
"{""message"":[-0.009399414,0.02819824,0.9741211,694]}",Python,1551004443934
"{""message"":[-0.01208496,0.02355957,0.9741211,697]}",Python,1551004444440
"{""message"":[-0.01208496,0.02355957,0.9741211,700]}",Python,1551004444948
"{""message"":[-0.01208496,0.02355957,0.9741211,702]}",Python,1551004445462
"{""message"":[-0.01208496,0.02355957,0.9741211,705]}",Python,1551004445962
"{""message"":[-0.01208496,0.02355957,0.9741211,708]}",Python,1551004446467
"{""message"":[-0.01208496,0.02355957,0.9741211,710]}",Python,1551004446977
"{""message"":[-0.01208496,0.02355957,0.9741211,713]}",Python,1551004447483
"{""message"":[-0.01208496,0.02355957,0.9770508,715]}",Python,1551004447989
"{""message"":[-0.00793457,0.02709961,0.9770508,718]}",Python,1551004448496
"{""message"":[-0.00793457,0.02709961,0.9770508,721]}",Python,1551004449002
"{""message"":[-0.00793457,0.02709961,0.9770508,723]}",Python,1551004449509
"{""message"":[-0.00793457,0.02709961,0.9770508,726]}",Python,1551004450023
"{""message"":[-0.00793457,0.02709961,0.9770508,729]}",Python,1551004464535
"{""message"":[-0.00793457,0.02709961,0.9770508,731]}",Python,1551004465041
"{""message"":[-0.00793457,0.02709961,0.9770508,734]}",Python,1551004465554
"{""message"":[-0.00793457,0.02709961,0.9775391,736]}",Python,1551004466065
"{""message"":[-0.0078125,0.02624512,0.9775391,739]}",Python,1551004466562
"{""message"":[-0.0078125,0.02624512,0.9775391,742]}",Python,1551004467070
"{""message"":[-0.0078125,0.02624512,0.9775391,744]}",Python,1551004467576
"{""message"":[-0.0078125,0.02624512,0.9775391,747]}",Python,1551004468085
"{""message"":[-0.0078125,0.02624512,0.9775391,750]}",Python,1551004468595
"{""message"":[-0.0078125,0.02624512,0.9775391,752]}",Python,1551004469099
"{""message"":[-0.0078125,0.02624512,0.9775391,755]}",Python,1551004469605
"{""message"":[-0.0078125,0.02624512,0.9787598,758]}",Python,1551004470114
"{""message"":[-0.008300781,0.0279541,0.9787598,760]}",Python,1551004470712
"{""message"":[-0.008300781,0.0279541,0.9787598,763]}",Python,1551004471128
"{""message"":[-0.008300781,0.0279541,0.9787598,766]}",Python,1551004471633
"{""message"":[-0.008300781,0.0279541,0.9787598,768]}",Python,1551004472138
"{""message"":[-0.008300781,0.0279541,0.9787598,771]}",Python,1551004472646
"{""message"":[-0.008300781,0.0279541,0.9787598,773]}",Python,1551004473184
"{""message"":[-0.008300781,0.0279541,0.9787598,776]}",Python,1551004473664
"{""message"":[-0.008300781,0.0279541,0.9813232,779]}",Python,1551004474171
"{""message"":[-0.007446289,0.02392578,0.9813232,781]}",Python,1551004474678
"{""message"":[-0.007446289,0.02392578,0.9813232,784]}",Python,1551004475185
"{""message"":[-0.007446289,0.02392578,0.9813232,787]}",Python,1551004475689
"{""message"":[-0.007446289,0.02392578,0.9813232,789]}",Python,1551004476196
"{""message"":[-0.007446289,0.02392578,0.9813232,792]}",Python,1551004476708
"{""message"":[-0.007446289,0.02392578,0.9813232,794]}",Python,1551004477211
"{""message"":[-0.007446289,0.02392578,0.9813232,797]}",Python,1551004477719
"{""message"":[-0.007446289,0.0300293,0.9715576,800]}",Python,1551004478225
"{""message"":[-0.001220703,0.0300293,0.9715576,802]}",Python,1551004478738
"{""message"":[-0.001220703,0.0300293,0.9715576,805]}",Python,1551004479240
"{""message"":[-0.001220703,0.0300293,0.9715576,808]}",Python,1551004479747
"{""message"":[-0.001220703,0.0300293,0.9715576,810]}",Python,1551004480253
"{""message"":[-0.001220703,0.0300293,0.9715576,813]}",Python,1551004480761
"{""message"":[-0.001220703,0.0300293,0.9715576,815]}",Python,1551004481294
"{""message"":[-0.001220703,0.0300293,0.9715576,818]}",Python,1551004481774
"{""message"":[-0.001220703,0.02526855,0.9863281,821]}",Python,1551004482282
"{""message"":[-0.005981445,0.02526855,0.9863281,823]}",Python,1551004482787
"{""message"":[-0.005981445,0.02526855,0.9863281,826]}",Python,1551004483296
"{""message"":[-0.005981445,0.02526855,0.9863281,828]}",Python,1551004483802
"{""message"":[-0.005981445,0.02526855,0.9863281,831]}",Python,1551004484309
"{""message"":[-0.005981445,0.02526855,0.9863281,834]}",Python,1551004484819
"{""message"":[-0.005981445,0.02526855,0.9863281,836]}",Python,1551004485329
"{""message"":[-0.005981445,0.02526855,0.9863281,839]}",Python,1551004499797
"{""message"":[-0.005981445,0.02453613,0.9724121,842]}",Python,1551004500309
"{""message"":[-0.00402832,0.02453613,0.9724121,844]}",Python,1551004500807
"{""message"":[-0.00402832,0.02453613,0.9724121,847]}",Python,1551004501316
"{""message"":[-0.00402832,0.02453613,0.9724121,850]}",Python,1551004501824
"{""message"":[-0.00402832,0.02453613,0.9724121,852]}",Python,1551004502329
"{""message"":[-0.00402832,0.02453613,0.9724121,855]}",Python,1551004502835
"{""message"":[-0.00402832,0.02453613,0.9724121,857]}",Python,1551004503345
"{""message"":[-0.00402832,0.02453613,0.9724121,860]}",Python,1551004503849
"{""message"":[-0.00402832,0.02575684,0.9765625,863]}",Python,1551004504362
"{""message"":[-0.005737305,0.02575684,0.9765625,865]}",Python,1551004504868
"{""message"":[-0.005737305,0.02575684,0.9765625,868]}",Python,1551004505370
"{""message"":[-0.005737305,0.02575684,0.9765625,871]}",Python,1551004505879
"{""message"":[-0.005737305,0.02575684,0.9765625,873]}",Python,1551004506392
"{""message"":[-0.005737305,0.02575684,0.9765625,876]}",Python,1551004506891
"{""message"":[-0.005737305,0.02575684,0.9765625,879]}",Python,1551004507400
"{""message"":[-0.005737305,0.02575684,0.9765625,881]}",Python,1551004507908
"{""message"":[-0.005737305,0.02233887,0.9790039,884]}",Python,1551004508413
"{""message"":[-0.006225586,0.02233887,0.9790039,886]}",Python,1551004508925
"{""message"":[-0.006225586,0.02233887,0.9790039,889]}",Python,1551004509426
"{""message"":[-0.006225586,0.02233887,0.9790039,892]}",Python,1551004509932
"{""message"":[-0.006225586,0.02233887,0.9790039,894]}",Python,1551004510438
"{""message"":[-0.006225586,0.02233887,0.9790039,897]}",Python,1551004510947
"{""message"":[-0.006225586,0.02233887,0.9790039,900]}",Python,1551004511453
"{""message"":[-0.006225586,0.02233887,0.9790039,902]}",Python,1551004511961
"{""message"":[-0.0009765625,0.02478027,0.9771729,905]}",Python,1551004512470
"{""message"":[-0.0009765625,0.02478027,0.9771729,907]}",Python,1551004512977
"{""message"":[-0.0009765625,0.02478027,0.9771729,910]}",Python,1551004513483
"{""message"":[-0.0009765625,0.02478027,0.9771729,913]}",Python,1551004513989
"{""message"":[-0.0009765625,0.02478027,0.9771729,915]}",Python,1551004514496
"{""message"":[-0.0009765625,0.02478027,0.9771729,918]}",Python,1551004515005
"{""message"":[-0.0009765625,0.02478027,0.9771729,920]}",Python,1551004515510
"{""message"":[-0.0009765625,0.02478027,0.9771729,923]}",Python,1551004516031
"{""message"":[-0.007324219,0.02734375,0.9818115,926]}",Python,1551004516523
"{""message"":[-0.007324219,0.02734375,0.9818115,928]}",Python,1551004517032
"{""message"":[-0.007324219,0.02734375,0.9818115,931]}",Python,1551004517538
"{""message"":[-0.007324219,0.02734375,0.9818115,934]}",Python,1551004518045
"{""message"":[-0.007324219,0.02734375,0.9818115,936]}",Python,1551004518554
"{""message"":[-0.007324219,0.02734375,0.9818115,939]}",Python,1551004519061
"{""message"":[-0.007324219,0.02734375,0.9818115,942]}",Python,1551004519565
"{""message"":[-0.007324219,0.02734375,0.9818115,944]}",Python,1551004520086
"{""message"":[-0.0003662109,0.02722168,0.9786377,947]}",Python,1551004535970
"{""message"":[-0.0003662109,0.02722168,0.9786377,949]}",Python,1551004536472
"{""message"":[-0.0003662109,0.02722168,0.9786377,952]}",Python,1551004536969
"{""message"":[-0.0003662109,0.02722168,0.9786377,955]}",Python,1551004537533
"{""message"":[-0.0003662109,0.02722168,0.9786377,958]}",Python,1551004537996
"{""message"":[-0.0003662109,0.02722168,0.9786377,960]}",Python,1551004538527
"{""message"":[-0.0003662109,0.02722168,0.9786377,963]}",Python,1551004539001
"{""message"":[-0.0003662109,0.02722168,0.9786377,966]}",Python,1551004539509
"{""message"":[-0.003295898,0.02709961,0.9677734,968]}",Python,1551004540166
"{""message"":[-0.003295898,0.02709961,0.9677734,971]}",Python,1551004540512
"{""message"":[-0.003295898,0.02709961,0.9677734,973]}",Python,1551004541022
"{""message"":[-0.003295898,0.02709961,0.9677734,976]}",Python,1551004541529
"{""message"":[-0.003295898,0.02709961,0.9677734,979]}",Python,1551004542040
"{""message"":[-0.003295898,0.02709961,0.9677734,981]}",Python,1551004542574
"{""message"":[-0.003295898,0.02709961,0.9677734,984]}",Python,1551004543047
"{""message"":[-0.003295898,0.02709961,0.9677734,986]}",Python,1551004543560
"{""message"":[-0.008789063,0.0222168,0.973877,989]}",Python,1551004544060
"{""message"":[-0.008789063,0.0222168,0.973877,992]}",Python,1551004544567
"{""message"":[-0.008789063,0.0222168,0.973877,994]}",Python,1551004545070
"{""message"":[-0.008789063,0.0222168,0.973877,997]}",Python,1551004545578
"{""message"":[-0.008789063,0.0222168,0.973877,1000]}",Python,1551004546099
"{""message"":[-0.008789063,0.0222168,0.973877,1002]}",Python,1551004546601
"{""message"":[-0.008789063,0.0222168,0.973877,1005]}",Python,1551004547126
"{""message"":[-0.008789063,0.0222168,0.973877,1008]}",Python,1551004547605
"{""message"":[-0.009033203,0.02832031,0.9842529,1010]}",Python,1551004548117
"{""message"":[-0.009033203,0.02832031,0.9842529,1013]}",Python,1551004548687
"{""message"":[-0.009033203,0.02832031,0.9842529,1015]}",Python,1551004549125
"{""message"":[-0.009033203,0.02832031,0.9842529,1018]}",Python,1551004549671
"{""message"":[-0.009033203,0.02832031,0.9842529,1021]}",Python,1551004550145
"{""message"":[-0.009033203,0.02832031,0.9842529,1023]}",Python,1551004550644
"{""message"":[-0.009033203,0.02832031,0.9842529,1026]}",Python,1551004551148
"{""message"":[-0.009033203,0.02832031,0.9842529,1029]}",Python,1551004551657
"{""message"":[-0.002441406,0.02453613,0.9830322,1031]}",Python,1551004552165
"{""message"":[-0.002441406,0.02453613,0.9830322,1034]}",Python,1551004552676
"{""message"":[-0.002441406,0.02453613,0.9830322,1036]}",Python,1551004553179
"{""message"":[-0.002441406,0.02453613,0.9830322,1039]}",Python,1551004553686
"{""message"":[-0.002441406,0.02453613,0.9830322,1042]}",Python,1551004554193
"{""message"":[-0.002441406,0.02453613,0.9830322,1044]}",Python,1551004554720
"{""message"":[-0.002441406,0.02453613,0.9830322,1047]}",Python,1551004555205
"{""message"":[-0.002441406,0.02453613,0.9830322,1050]}",Python,1551004555713
"{""message"":[-0.002929688,0.02575684,0.9785156,1052]}",Python,1551004556224
"{""message"":[-0.002929688,0.02575684,0.9785156,1055]}",Python,1551004570729
"{""message"":[-0.002929688,0.02575684,0.9785156,1058]}",Python,1551004571237
"{""message"":[-0.002929688,0.02575684,0.9785156,1060]}",Python,1551004571745
"{""message"":[-0.002929688,0.02575684,0.9785156,1063]}",Python,1551004572261
"{""message"":[-0.002929688,0.02575684,0.9785156,1065]}",Python,1551004572777
"{""message"":[-0.002929688,0.02575684,0.9785156,1068]}",Python,1551004573267
"{""message"":[-0.002929688,0.02575684,0.9732666,1071]}",Python,1551004573773
"{""message"":[-0.006713867,0.0255127,0.9732666,1073]}",Python,1551004574279
"{""message"":[-0.006713867,0.0255127,0.9732666,1076]}",Python,1551004574789
"{""message"":[-0.006713867,0.0255127,0.9732666,1078]}",Python,1551004575300
"{""message"":[-0.006713867,0.0255127,0.9732666,1081]}",Python,1551004575802
"{""message"":[-0.006713867,0.0255127,0.9732666,1084]}",Python,1551004576311
"{""message"":[-0.006713867,0.0255127,0.9732666,1086]}",Python,1551004576816
"{""message"":[-0.006713867,0.0255127,0.9732666,1089]}",Python,1551004577326
"{""message"":[-0.006713867,0.0255127,0.972168,1092]}",Python,1551004577839
"{""message"":[-0.005615234,0.02392578,0.972168,1094]}",Python,1551004578342
"{""message"":[-0.005615234,0.02392578,0.972168,1097]}",Python,1551004578844
"{""message"":[-0.005615234,0.02392578,0.972168,1099]}",Python,1551004579354
"{""message"":[-0.005615234,0.02392578,0.972168,1102]}",Python,1551004579858
"{""message"":[-0.005615234,0.02392578,0.972168,1105]}",Python,1551004580364
"{""message"":[-0.005615234,0.02392578,0.972168,1107]}",Python,1551004580872
"{""message"":[-0.005615234,0.02392578,0.972168,1110]}",Python,1551004581380
"{""message"":[-0.005615234,0.02392578,0.979248,1112]}",Python,1551004581886
"{""message"":[-0.007080078,0.02062988,0.979248,1115]}",Python,1551004582403
"{""message"":[-0.007080078,0.02062988,0.979248,1118]}",Python,1551004582899
"{""message"":[-0.007080078,0.02062988,0.979248,1120]}",Python,1551004583405
"{""message"":[-0.007080078,0.02062988,0.979248,1123]}",Python,1551004583912
"{""message"":[-0.007080078,0.02062988,0.979248,1126]}",Python,1551004584419
"{""message"":[-0.007080078,0.02062988,0.979248,1128]}",Python,1551004584927
"{""message"":[-0.007080078,0.02062988,0.979248,1131]}",Python,1551004585434
"{""message"":[-0.007080078,0.02062988,0.9729004,1134]}",Python,1551004585941
"{""message"":[-0.006469727,0.02941895,0.9729004,1136]}",Python,1551004586447
"{""message"":[-0.006469727,0.02941895,0.9729004,1139]}",Python,1551004586953
"{""message"":[-0.006469727,0.02941895,0.9729004,1142]}",Python,1551004587460
"{""message"":[-0.006469727,0.02941895,0.9729004,1144]}",Python,1551004587967
"{""message"":[-0.006469727,0.02941895,0.9729004,1147]}",Python,1551004588473
"{""message"":[-0.006469727,0.02941895,0.9729004,1149]}",Python,1551004588980
"{""message"":[-0.006469727,0.02941895,0.9729004,1152]}",Python,1551004589486
"{""message"":[-0.006469727,0.02941895,0.9709473,1155]}",Python,1551004589994
"{""message"":[0.0002441406,0.02868652,0.9709473,1157]}",Python,1551004590502
"{""message"":[0.0002441406,0.02868652,0.9709473,1160]}",Python,1551004591020
"{""message"":[0.0002441406,0.02868652,0.9709473,1163]}",Python,1551004605519
"{""message"":[0.0002441406,0.02868652,0.9709473,1166]}",Python,1551004606026
"{""message"":[0.0002441406,0.02868652,0.9709473,1168]}",Python,1551004606531
"{""message"":[0.0002441406,0.02868652,0.9709473,1171]}",Python,1551004607038
"{""message"":[0.0002441406,0.02868652,0.9709473,1173]}",Python,1551004607543
"{""message"":[0.0002441406,0.0246582,0.9786377,1176]}",Python,1551004608051
"{""message"":[-0.001586914,0.0246582,0.9786377,1179]}",Python,1551004608558
"{""message"":[-0.001586914,0.0246582,0.9786377,1181]}",Python,1551004609065
"{""message"":[-0.001586914,0.0246582,0.9786377,1184]}",Python,1551004609572
"{""message"":[-0.001586914,0.0246582,0.9786377,1187]}",Python,1551004610077
"{""message"":[-0.001586914,0.0246582,0.9786377,1189]}",Python,1551004610587
"{""message"":[-0.001586914,0.0246582,0.9786377,1192]}",Python,1551004611091
"{""message"":[-0.001586914,0.0246582,0.9786377,1194]}",Python,1551004611604
"{""message"":[-0.001586914,0.02270508,0.9775391,1197]}",Python,1551004612329
"{""message"":[-0.00769043,0.02270508,0.9775391,1200]}",Python,1551004612620
"{""message"":[-0.00769043,0.02270508,0.9775391,1202]}",Python,1551004613218
"{""message"":[-0.00769043,0.02270508,0.9775391,1205]}",Python,1551004613769
"{""message"":[-0.00769043,0.02270508,0.9775391,1208]}",Python,1551004614128
"{""message"":[-0.00769043,0.02270508,0.9775391,1210]}",Python,1551004614637
"{""message"":[-0.00769043,0.02270508,0.9775391,1213]}",Python,1551004615144
"{""message"":[-0.00769043,0.02270508,0.9775391,1215]}",Python,1551004615651
"{""message"":[-0.00769043,0.02563477,0.9741211,1218]}",Python,1551004616164
"{""message"":[-0.002075195,0.02563477,0.9741211,1221]}",Python,1551004616689
"{""message"":[-0.002075195,0.02563477,0.9741211,1224]}",Python,1551004617171
"{""message"":[-0.002075195,0.02563477,0.9741211,1226]}",Python,1551004617677
"{""message"":[-0.002075195,0.02563477,0.9741211,1229]}",Python,1551004618185
"{""message"":[-0.002075195,0.02563477,0.9741211,1232]}",Python,1551004618692
"{""message"":[-0.002075195,0.02563477,0.9741211,1234]}",Python,1551004619198
"{""message"":[-0.002075195,0.02563477,0.9741211,1237]}",Python,1551004619707
"{""message"":[-0.006713867,0.02246094,0.9736328,1239]}",Python,1551004620212
"{""message"":[-0.006713867,0.02246094,0.9736328,1242]}",Python,1551004620721
"{""message"":[-0.006713867,0.02246094,0.9736328,1245]}",Python,1551004621226
"{""message"":[-0.006713867,0.02246094,0.9736328,1247]}",Python,1551004621740
"{""message"":[-0.006713867,0.02246094,0.9736328,1250]}",Python,1551004622242
"{""message"":[-0.006713867,0.02246094,0.9736328,1252]}",Python,1551004622750
"{""message"":[-0.006713867,0.02246094,0.9736328,1255]}",Python,1551004623256
"{""message"":[-0.006713867,0.02246094,0.9736328,1258]}",Python,1551004623764
"{""message"":[-0.005615234,0.02612305,0.973999,1260]}",Python,1551004624267
"{""message"":[-0.005615234,0.02612305,0.973999,1263]}",Python,1551004624779
"{""message"":[-0.005615234,0.02612305,0.973999,1266]}",Python,1551004625283
"{""message"":[-0.005615234,0.02612305,0.973999,1268]}",Python,1551004625789
"{""message"":[-0.005615234,0.02612305,0.973999,1271]}",Python,1551004626302
"{""message"":[-0.005615234,0.02612305,0.973999,1274]}",Python,1551004640758
"{""message"":[-0.005615234,0.02612305,0.973999,1276]}",Python,1551004641265
"{""message"":[-0.005615234,0.02612305,0.973999,1279]}",Python,1551004641780
"{""message"":[0.001098633,0.01953125,0.982666,1281]}",Python,1551004642278
"{""message"":[0.001098633,0.01953125,0.982666,1284]}",Python,1551004642785
"{""message"":[0.001098633,0.01953125,0.982666,1287]}",Python,1551004643293
"{""message"":[0.001098633,0.01953125,0.982666,1289]}",Python,1551004643798
"{""message"":[0.001098633,0.01953125,0.982666,1292]}",Python,1551004644310
"{""message"":[0.001098633,0.01953125,0.982666,1295]}",Python,1551004644813
"{""message"":[0.001098633,0.01953125,0.982666,1297]}",Python,1551004645323
"{""message"":[0.001098633,0.01953125,0.982666,1300]}",Python,1551004645830
"{""message"":[-0.009765625,0.02270508,0.979126,1302]}",Python,1551004646335
"{""message"":[-0.009765625,0.02270508,0.979126,1305]}",Python,1551004646842
"{""message"":[-0.009765625,0.02270508,0.979126,1308]}",Python,1551004647357
"{""message"":[-0.009765625,0.02270508,0.979126,1310]}",Python,1551004647855
"{""message"":[-0.009765625,0.02270508,0.979126,1313]}",Python,1551004648360
"{""message"":[-0.009765625,0.02270508,0.979126,1316]}",Python,1551004648871
"{""message"":[-0.009765625,0.02270508,0.979126,1318]}",Python,1551004649375
"{""message"":[-0.009765625,0.02270508,0.979126,1321]}",Python,1551004649883
"{""message"":[0.3348389,-1.260864,2.320313,7]}",Python,1551004832733
"{""message"":[0.3348389,-1.260864,2.320313,10]}",Python,1551004833257
"{""message"":[0.3348389,-1.260864,2.320313,13]}",Python,1551004833776
"{""message"":[0.3348389,-1.260864,2.320313,15]}",Python,1551004834282
"{""message"":[-0.2077637,-0.635376,1.75293,18]}",Python,1551004834805
"{""message"":[-0.2077637,-0.635376,1.75293,21]}",Python,1551004835323
"{""message"":[-0.2077637,-0.635376,1.75293,24]}",Python,1551004835831
"{""message"":[-0.2077637,-0.635376,1.75293,26]}",Python,1551004836336
"{""message"":[-0.2077637,-0.635376,1.75293,29]}",Python,1551004836878
"{""message"":[-0.2077637,-0.635376,1.75293,32]}",Python,1551004837363
"{""message"":[-0.2077637,-0.635376,1.75293,35]}",Python,1551004837884
"{""message"":[-0.2077637,-0.635376,1.187622,37]}",Python,1551004838389
"{""message"":[-0.6971436,-0.1879883,1.187622,40]}",Python,1551004838910
"{""message"":[-0.6971436,-0.1879883,1.187622,43]}",Python,1551004839416
"{""message"":[-0.6971436,-0.1879883,1.187622,46]}",Python,1551004839934
"{""message"":[-0.6971436,-0.1879883,1.187622,48]}",Python,1551004840451
"{""message"":[-0.6971436,-0.1879883,1.187622,51]}",Python,1551004840958
"{""message"":[-0.6971436,-0.1879883,1.187622,54]}",Python,1551004841466
"{""message"":[-0.6971436,-0.1879883,1.187622,57]}",Python,1551004841985
"{""message"":[-0.6658936,0.258667,0.5616455,59]}",Python,1551004842498
"{""message"":[-0.6833496,0.258667,0.5616455,62]}",Python,1551004843013
"{""message"":[-0.6833496,0.258667,0.5616455,65]}",Python,1551004843516
"{""message"":[-0.6833496,0.258667,0.5616455,67]}",Python,1551004844052
"{""message"":[-0.6833496,0.258667,0.5616455,70]}",Python,1551004844548
"{""message"":[-0.6833496,0.258667,0.5616455,73]}",Python,1551004845063
"{""message"":[-0.6833496,0.258667,0.5616455,76]}",Python,1551004845584
"{""message"":[-0.6833496,0.258667,0.5616455,78]}",Python,1551004846124
"{""message"":[-0.293335,0.350708,-0.1448975,81]}",Python,1551004846602
"{""message"":[-0.293335,0.350708,-0.1448975,84]}",Python,1551004847121
"{""message"":[-0.293335,0.350708,-0.1448975,86]}",Python,1551004847630
"{""message"":[-0.293335,0.350708,-0.1448975,89]}",Python,1551004848187
"{""message"":[-0.293335,0.350708,-0.1448975,92]}",Python,1551004848654
"{""message"":[-0.293335,0.350708,-0.1448975,94]}",Python,1551004849175
"{""message"":[-0.293335,0.350708,-0.1448975,97]}",Python,1551004849691
"{""message"":[-0.293335,0.350708,-0.5665283,100]}",Python,1551004850211
"{""message"":[0.2375488,0.6126709,-0.5665283,103]}",Python,1551004850709
"{""message"":[0.2375488,0.6126709,-0.5665283,105]}",Python,1551004851229
"{""message"":[0.2375488,0.6126709,-0.5665283,108]}",Python,1551004851768
"{""message"":[0.2375488,0.6126709,-0.5665283,111]}",Python,1551004852257
"{""message"":[0.2375488,0.6126709,-0.5665283,113]}",Python,1551004853120
"{""message"":[0.2375488,0.6899414,-0.7972412,122]}",Python,1551004855521
"{""message"":[0.3704834,0.6899414,-0.7972412,124]}",Python,1551004855522
"{""message"":[0.2375488,0.6126709,-0.5665283,116]}",Python,1551004855524
"{""message"":[0.2375488,0.6126709,-0.5665283,119]}",Python,1551004855525
"{""message"":[0.3704834,0.6899414,-0.7972412,127]}",Python,1551004855530
"{""message"":[0.3704834,0.6899414,-0.7972412,130]}",Python,1551004855832
"{""message"":[0.3704834,0.6899414,-0.7972412,132]}",Python,1551004856351
"{""message"":[0.3704834,0.6899414,-0.7972412,135]}",Python,1551004856858
"{""message"":[0.3704834,0.6899414,-0.7972412,138]}",Python,1551004857377
"{""message"":[0.3704834,0.6899414,-0.7972412,141]}",Python,1551004857884
"{""message"":[-0.338623,0.3295898,-0.1318359,143]}",Python,1551004858403
"{""message"":[-0.338623,0.3295898,-0.1318359,146]}",Python,1551004858910
"{""message"":[-0.338623,0.3295898,-0.1318359,149]}",Python,1551004859430
"{""message"":[-0.338623,0.3295898,-0.1318359,152]}",Python,1551004859941
"{""message"":[-0.338623,0.3295898,-0.1318359,154]}",Python,1551004860457
"{""message"":[-0.338623,0.3295898,-0.1318359,157]}",Python,1551004860965
"{""message"":[-0.338623,0.3295898,-0.1318359,160]}",Python,1551004861474
"{""message"":[-0.338623,0.3295898,1.223511,162]}",Python,1551004861994
"{""message"":[-0.56604,-0.02709961,1.223511,165]}",Python,1551004862498
"{""message"":[-0.56604,-0.02709961,1.223511,168]}",Python,1551004863016
"{""message"":[-0.56604,-0.02709961,1.223511,171]}",Python,1551004863564
"{""message"":[-0.56604,-0.02709961,1.223511,173]}",Python,1551004864049
"{""message"":[-0.56604,-0.02709961,1.223511,176]}",Python,1551004864552
"{""message"":[-0.56604,-0.02709961,1.223511,179]}",Python,1551004865073
"{""message"":[-0.56604,-0.02709961,1.223511,181]}",Python,1551004865597
"{""message"":[-0.56604,-0.9176025,2.289307,184]}",Python,1551004866128
"{""message"":[-0.1723633,-0.9176025,2.289307,187]}",Python,1551004866606
"{""message"":[-0.1723633,-0.9176025,2.289307,190]}",Python,1551004867128
"{""message"":[-0.1723633,-0.9176025,2.289307,192]}",Python,1551004867637
"{""message"":[-0.1723633,-0.9176025,2.289307,195]}",Python,1551004868156
"{""message"":[-0.1723633,-0.9176025,2.289307,198]}",Python,1551004868660
"{""message"":[-0.1723633,-0.9176025,2.289307,201]}",Python,1551004869181
"{""message"":[-0.1723633,-0.9176025,2.289307,203]}",Python,1551004869691
"{""message"":[0.5009766,-1.689697,2.533691,206]}",Python,1551004870210
"{""message"":[0.5009766,-1.689697,2.533691,209]}",Python,1551004870715
"{""message"":[0.5009766,-1.689697,2.533691,212]}",Python,1551004871253
"{""message"":[0.5009766,-1.689697,2.533691,214]}",Python,1551004871742
"{""message"":[0.5009766,-1.689697,2.533691,217]}",Python,1551004872261
"{""message"":[0.5009766,-1.689697,2.533691,220]}",Python,1551004872770
"{""message"":[0.5009766,-1.689697,2.533691,222]}",Python,1551004873289
"{""message"":[0.5009766,-1.689697,2.8573,225]}",Python,1551004873797
"{""message"":[0.7113037,-1.147095,2.8573,228]}",Python,1551004874316
"{""message"":[0.7113037,-1.147095,2.8573,230]}",Python,1551004874823
"{""message"":[0.7113037,-1.147095,2.8573,233]}",Python,1551004875330
"{""message"":[0.7113037,-1.147095,2.8573,236]}",Python,1551004875839
"{""message"":[0.7113037,-1.147095,2.8573,239]}",Python,1551004876347
"{""message"":[0.7113037,-1.147095,2.8573,242]}",Python,1551004876851
"{""message"":[0.7113037,-1.147095,2.8573,244]}",Python,1551004877382
"{""message"":[0.7113037,-0.7452393,1.865601,247]}",Python,1551004877889
"{""message"":[-0.3256836,-0.7452393,1.865601,250]}",Python,1551004878410
"{""message"":[-0.3256836,-0.7452393,1.865601,253]}",Python,1551004878929
"{""message"":[-0.3256836,-0.7452393,1.865601,255]}",Python,1551004879448
"{""message"":[-0.3256836,-0.7452393,1.865601,258]}",Python,1551004879954
"{""message"":[-0.3256836,-0.7452393,1.865601,261]}",Python,1551004880484
"{""message"":[-0.3256836,-0.7452393,1.865601,264]}",Python,1551004880988
"{""message"":[-0.3256836,-0.7452393,1.865601,266]}",Python,1551004881499
"{""message"":[-0.4539795,-0.3446045,1.107544,269]}",Python,1551004882006
"{""message"":[-0.4539795,-0.3446045,1.107544,272]}",Python,1551004885578
"{""message"":[-0.4539795,-0.3446045,1.107544,274]}",Python,1551004888732
"{""message"":[-0.4539795,-0.3446045,1.107544,277]}",Python,1551004889237
"{""message"":[-0.4539795,-0.3446045,1.107544,280]}",Python,1551004889771
"{""message"":[-0.4539795,-0.3446045,1.107544,283]}",Python,1551004890266
"{""message"":[-0.4539795,-0.3446045,1.107544,285]}",Python,1551004890788
"{""message"":[-0.4539795,-0.3446045,-0.1436768,288]}",Python,1551004891294
"{""message"":[-0.2298584,-0.2127686,-0.1436768,291]}",Python,1551004891849
"{""message"":[-0.2298584,-0.2127686,-0.1436768,293]}",Python,1551004892319
"{""message"":[-0.2298584,-0.2127686,-0.1436768,296]}",Python,1551004892838
"{""message"":[-0.2298584,-0.2127686,-0.1436768,299]}",Python,1551004893346
"{""message"":[-0.2298584,-0.2127686,-0.1436768,301]}",Python,1551004893864
"{""message"":[-0.2298584,-0.2127686,-0.1436768,304]}",Python,1551004894404
"{""message"":[-0.2298584,-0.2127686,-0.1436768,307]}",Python,1551004894890
"{""message"":[-0.2298584,0.3581543,-1.972412,309]}",Python,1551004895394
"{""message"":[0.7086182,0.3581543,-1.972412,312]}",Python,1551004895917
"{""message"":[0.7086182,0.3581543,-1.972412,315]}",Python,1551004896432
"{""message"":[0.7086182,0.3581543,-1.972412,317]}",Python,1551004896945
"{""message"":[0.7086182,0.3581543,-1.972412,320]}",Python,1551004897449
"{""message"":[0.7086182,0.3581543,-1.972412,323]}",Python,1551004897970
"{""message"":[0.7086182,0.3581543,-1.972412,325]}",Python,1551004898475
"{""message"":[0.7086182,0.3581543,-1.972412,328]}",Python,1551004898996
"{""message"":[0.7086182,0.5987549,-2.171753,331]}",Python,1551004899503
"{""message"":[0.9782715,0.5987549,-2.171753,333]}",Python,1551004900021
"{""message"":[0.9782715,0.5987549,-2.171753,336]}",Python,1551004900541
"{""message"":[0.9782715,0.5987549,-2.171753,339]}",Python,1551004901047
"{""message"":[0.9782715,0.5987549,-2.171753,341]}",Python,1551004901565
"{""message"":[0.9782715,0.5987549,-2.171753,344]}",Python,1551004902088
"{""message"":[0.9782715,0.5987549,-2.171753,347]}",Python,1551004902597
"{""message"":[0.9782715,0.5987549,-2.171753,350]}",Python,1551004903118
"{""message"":[-0.286377,0.49646,-0.1636963,352]}",Python,1551004903633
"{""message"":[-0.286377,0.49646,-0.1636963,355]}",Python,1551004904142
"{""message"":[-0.286377,0.49646,-0.1636963,358]}",Python,1551004904661
"{""message"":[-0.286377,0.49646,-0.1636963,361]}",Python,1551004905190
"{""message"":[-0.286377,0.49646,-0.1636963,363]}",Python,1551004905687
"{""message"":[-0.286377,0.49646,-0.1636963,366]}",Python,1551004906204
"{""message"":[-0.286377,0.49646,-0.1636963,369]}",Python,1551004906723
"{""message"":[-0.286377,0.49646,1.479736,371]}",Python,1551004907238
"{""message"":[-0.8787842,-0.08349609,1.479736,374]}",Python,1551004907751
"{""message"":[-0.8787842,-0.08349609,1.479736,377]}",Python,1551004908271
"{""message"":[-0.8787842,-0.08349609,1.479736,380]}",Python,1551004908778
"{""message"":[-0.8787842,-0.08349609,1.479736,382]}",Python,1551004909335
"{""message"":[-0.8787842,-0.08349609,1.479736,385]}",Python,1551004909819
"{""message"":[-0.8787842,-0.08349609,1.479736,388]}",Python,1551004910328
"{""message"":[-0.8787842,-0.08349609,1.479736,391]}",Python,1551004910848
"{""message"":[-0.8787842,-1.08728,2.504639,393]}",Python,1551004911371
"{""message"":[-0.2615967,-1.08728,2.504639,396]}",Python,1551004911873
"{""message"":[-0.2615967,-1.08728,2.504639,399]}",Python,1551004912392
"{""message"":[-0.2615967,-1.08728,2.504639,401]}",Python,1551004912908
"{""message"":[-0.2615967,-1.08728,2.504639,404]}",Python,1551004913419
"{""message"":[-0.2615967,-1.08728,2.504639,407]}",Python,1551004913935
"{""message"":[-0.2615967,-1.08728,2.504639,410]}",Python,1551004914454
"{""message"":[-0.2615967,-1.08728,2.504639,412]}",Python,1551004914962
"{""message"":[0.8763428,-1.601318,3.414673,415]}",Python,1551004915469
"{""message"":[0.8763428,-1.601318,3.414673,418]}",Python,1551004916079
"{""message"":[0.8763428,-1.601318,3.414673,420]}",Python,1551004916510
"{""message"":[0.8763428,-1.601318,3.414673,423]}",Python,1551004917023
"{""message"":[0.8763428,-1.601318,3.414673,426]}",Python,1551004917538
"{""message"":[0.8763428,-1.601318,3.414673,429]}",Python,1551004918055
"{""message"":[0.8763428,-1.601318,3.414673,431]}",Python,1551004918649
"{""message"":[0.8763428,-1.601318,2.873413,434]}",Python,1551004919083
"{""message"":[1.031982,-1.45874,2.873413,437]}",Python,1551004919602
"{""message"":[1.031982,-1.45874,2.873413,439]}",Python,1551004920111
"{""message"":[1.031982,-1.45874,2.873413,442]}",Python,1551004920629
"{""message"":[1.031982,-1.45874,2.873413,445]}",Python,1551004921166
"{""message"":[1.031982,-1.45874,2.873413,448]}",Python,1551004921667
"{""message"":[1.031982,-1.45874,2.873413,450]}",Python,1551004922174
"{""message"":[1.031982,-1.45874,2.873413,453]}",Python,1551004922696
"{""message"":[1.031982,-0.6862793,1.823853,456]}",Python,1551004923198
"{""message"":[-0.3969727,-0.6862793,1.823853,459]}",Python,1551004923721
"{""message"":[-0.3969727,-0.6862793,1.823853,461]}",Python,1551004924237
"{""message"":[-0.3969727,-0.6862793,1.823853,464]}",Python,1551004924745
"{""message"":[-0.3969727,-0.6862793,1.823853,467]}",Python,1551004925266
